,Rk,Player,Tm,Age,Pos,G,GS,Tgt_x,Rec,Ctch%,Yds,Y/R,TD,1D,Succ%,Lng,Y/Tgt,R/G,Y/G,Fmb,Player-additional,Tgt_y,TgtShare
0,1,Justin Jefferson*+,MIN,23,WR,17,17,184,128,69.6%,1809,14.1,8,80,57.6,64,9.8,7.5,106.4,0,JeffJu00,555,0.33153153153153153
1,37,Adam Thielen,MIN,32,WR,17,17,107,70,65.4%,716,10.2,6,45,49.5,36,6.7,4.1,42.1,0,ThieAd00,555,0.1927927927927928
2,54,K.J. Osborn,MIN,25,WR,17,9,90,60,66.7%,650,10.8,5,32,58.9,66,7.2,3.5,38.2,1,OsboKJ00,555,0.16216216216216217
3,107,Dalvin Cook*,MIN,27,RB,17,17,56,39,69.6%,295,7.6,2,16,41.1,64,5.3,2.3,17.4,4,CookDa01,555,0.1009009009009009
4,173,Irv Smith Jr.,MIN,24,TE,8,1,36,25,69.4%,182,7.3,2,9,44.4,17,5.1,3.1,22.8,1,SmitIr01,555,0.06486486486486487
5,208,Johnny Mundt,MIN,28,TE,17,12,21,19,90.5%,140,7.4,1,9,66.7,17,6.7,1.1,8.2,0,MundJo00,555,0.03783783783783784
6,238,Alexander Mattison,MIN,24,RB,17,0,18,15,83.3%,91,6.1,1,4,33.3,16,5.1,0.9,5.4,0,MattAl01,555,0.032432432432432434
7,280,C.J. Ham,MIN,29,FB,17,4,12,10,83.3%,86,8.6,0,7,83.3,17,7.2,0.6,5.1,0,HamxC.00,555,0.021621621621621623
8,300,Jalen Nailor,MIN,23,WR,15,0,13,9,69.2%,179,19.9,1,7,69.2,47,13.8,0.6,11.9,0,NailJa00,555,0.023423423423423424
9,312,Jalen Reagor,MIN,23,WR,17,0,13,8,61.5%,104,13.0,1,5,53.8,38,8.0,0.5,6.1,4,ReagJa00,555,0.023423423423423424
10,385,Ben Ellefson,MIN,26,TE,4,1,3,3,100.0%,26,8.7,0,2,66.7,12,8.7,0.8,6.5,0,ElleBe00,555,0.005405405405405406
11,428,Kene Nwangwu,MIN,24,RB,17,0,2,2,100.0%,21,10.5,0,1,100.0,16,10.5,0.1,1.2,0,NwanKe00,555,0.0036036036036036037
12,2,Tyreek Hill*+,MIA,28,WR,17,17,170,119,70.0%,1710,14.4,7,77,56.5,64,10.1,7.0,100.6,1,HillTy00,521,0.32629558541266795
13,28,Jaylen Waddle,MIA,24,WR,17,17,117,75,64.1%,1356,18.1,8,60,54.7,84,11.6,4.4,79.8,1,WaddJa00,521,0.22456813819577734
14,138,Mike Gesicki,MIA,27,TE,17,1,52,32,61.5%,362,11.3,5,19,48.1,32,7.0,1.9,21.3,0,GesiMi00,521,0.09980806142034548
15,143,Raheem Mostert,MIA,30,RB,16,14,42,31,73.8%,202,6.5,2,11,47.6,25,4.8,1.9,12.6,1,MostRa00,521,0.08061420345489444
16,150,Trent Sherfield,MIA,26,WR,17,4,51,30,58.8%,417,13.9,2,18,45.1,75,8.2,1.8,24.5,0,SherTr00,521,0.09788867562380038
17,236,Alec Ingold,MIA,26,FB,17,14,23,15,65.2%,105,7.0,1,4,52.2,17,4.6,0.9,6.2,0,IngoAl01,521,0.044145873320537425
18,241,Durham Smythe,MIA,27,TE,16,15,20,15,75.0%,129,8.6,1,7,55.0,26,6.5,0.9,8.1,0,SmytDu00,521,0.03838771593090211
19,266,Cedrick Wilson Jr.,MIA,27,WR,15,0,18,12,66.7%,136,11.3,0,8,61.1,21,7.6,0.8,9.1,0,WilsCe01,521,0.0345489443378119
20,291,River Cracraft,MIA,28,WR,11,0,14,9,64.3%,102,11.3,2,8,57.1,22,7.3,0.8,9.3,0,CracRi00,521,0.026871401151631478
21,365,Myles Gaskin,MIA,25,RB,4,0,6,4,66.7%,28,7.0,0,0,50.0,16,4.7,1.0,7.0,0,GaskMy00,521,0.011516314779270634
22,432,Braylon Sanders,MIA,23,WR,3,0,3,2,66.7%,17,8.5,0,0,33.3,13,5.7,0.7,5.7,1,SandBr00,521,0.005758157389635317
23,447,Salvon Ahmed,MIA,24,RB,12,0,1,1,100.0%,8,8.0,0,0,100.0,8,8.0,0.1,0.7,0,AhmeSa01,521,0.0019193857965451055
24,458,Erik Ezukanma,MIA,22,WR,1,0,1,1,100.0%,3,3.0,0,0,0.0,3,3.0,1.0,3.0,0,EzukEr00,521,0.0019193857965451055
25,494,Tanner Conner,MIA,24,TE,13,0,3,0,0.0%,0,,0,0,0.0,0,0.0,0.0,0.0,0,ConnTa00,521,0.005758157389635317
26,3,Travis Kelce*+,KAN,33,TE,17,17,152,110,72.4%,1338,12.2,12,78,63.2,52,8.8,6.5,78.7,1,KelcTr00,597,0.254606365159129
27,24,JuJu Smith-Schuster,KAN,26,WR,16,14,101,78,77.2%,933,12.0,3,47,67.3,53,9.2,4.9,58.3,3,SmitJu00,597,0.16917922948073702
28,66,Jerick McKinnon,KAN,30,RB,17,0,71,56,78.9%,512,9.1,9,28,54.9,56,7.2,3.3,30.1,1,McKiJe00,597,0.11892797319932999
29,97,Marquez Valdes-Scantling,KAN,28,WR,17,11,81,42,51.9%,687,16.4,2,32,48.1,57,8.5,2.5,40.4,0,ValdMa00,597,0.135678391959799
30,153,Noah Gray,KAN,23,TE,17,8,34,28,82.4%,299,10.7,1,14,64.7,27,8.8,1.6,17.6,0,GrayNo00,597,0.05695142378559464
31,170,Mecole Hardman,KAN,24,WR,8,5,34,25,73.5%,297,11.9,4,14,61.8,36,8.7,3.1,37.1,1,HardMe00,597,0.05695142378559464
32,186,Skyy Moore,KAN,22,WR,16,3,33,22,66.7%,250,11.4,0,13,63.6,30,7.6,1.4,15.6,3,MoorSk01,597,0.05527638190954774
33,218,Clyde Edwards-Helaire,KAN,23,RB,10,6,23,17,73.9%,151,8.9,3,11,60.9,25,6.6,1.7,15.1,0,EdwaCl00,597,0.038525963149078725
34,242,Justin Watson,KAN,26,WR,17,5,34,15,44.1%,315,21.0,2,12,44.1,67,9.3,0.9,18.5,0,WatsJu01,597,0.05695142378559464
35,256,Isiah Pacheco,KAN,23,RB,17,11,14,13,92.9%,130,10.0,0,7,64.3,32,9.3,0.8,7.6,4,PachIs00,597,0.023450586264656615
36,293,Jody Fortson,KAN,27,TE,13,1,13,9,69.2%,108,12.0,2,6,69.2,40,8.3,0.7,8.3,1,FortJo01,597,0.021775544388609715
37,403,Blake Bell,KAN,31,TE,3,1,2,2,100.0%,20,10.0,1,1,50.0,17,10.0,0.7,6.7,0,BellBl00,597,0.0033500837520938024
38,408,Michael Burton,KAN,30,FB,17,0,3,2,66.7%,11,5.5,0,0,33.3,9,3.7,0.1,0.6,0,BurtMi00,597,0.005025125628140704
39,466,Ronald Jones II,KAN,25,RB,6,0,1,1,100.0%,22,22.0,0,1,100.0,22,22.0,0.2,3.7,0,JoneRo01,597,0.0016750418760469012
40,469,Patrick Mahomes*+,KAN,27,QB,17,17,1,1,100.0%,6,6.0,0,0,100.0,6,6.0,0.1,0.4,5,MahoPa00,597,0.0016750418760469012
41,4,Stefon Diggs*,BUF,29,WR,16,16,154,108,70.1%,1429,13.2,11,74,64.3,53,9.3,6.8,89.3,1,DiggSt00,526,0.29277566539923955
42,79,Gabriel Davis,BUF,23,WR,15,15,93,48,51.6%,836,17.4,7,35,51.6,98,9.0,3.2,55.7,1,DaviGa01,526,0.17680608365019013
43,80,Dawson Knox*,BUF,26,TE,15,15,65,48,73.8%,517,10.8,6,25,60.0,45,8.0,3.2,34.5,0,KnoxDa00,526,0.12357414448669202
44,95,Isaiah McKenzie,BUF,27,WR,15,8,65,42,64.6%,423,10.1,4,27,58.5,30,6.5,2.8,28.2,0,McKeIs00,526,0.12357414448669202
45,114,Devin Singletary,BUF,25,RB,16,16,52,38,73.1%,280,7.4,1,15,53.8,22,5.4,2.4,17.5,3,SingDe00,526,0.09885931558935361
46,190,James Cook,BUF,23,RB,16,0,32,21,65.6%,180,8.6,1,5,46.9,41,5.6,1.3,11.3,1,CookJa01,526,0.060836501901140684
47,287,Khalil Shakir,BUF,22,WR,14,2,20,10,50.0%,161,16.1,1,7,40.0,31,8.1,0.7,11.5,0,ShakKh00,526,0.03802281368821293
48,306,Reggie Gilliam,BUF,25,FB,15,4,10,8,80.0%,69,8.6,1,4,70.0,14,6.9,0.5,4.6,0,GillRe00,526,0.019011406844106463
49,309,Quintin Morris,BUF,23,TE,14,1,11,8,72.7%,84,10.5,1,6,63.6,26,7.6,0.6,6.0,1,MorrQu00,526,0.02091254752851711
50,330,Jamison Crowder,BUF,29,WR,4,0,13,6,46.2%,60,10.0,0,4,46.2,16,4.6,1.5,15.0,1,CrowJa00,526,0.024714828897338403
51,372,Jake Kumerow,BUF,30,WR,6,1,7,4,57.1%,64,16.0,0,4,57.1,39,9.1,0.7,10.7,0,KumeJa00,526,0.013307984790874524
52,451,John Brown,BUF,32,WR,3,0,2,1,50.0%,42,42.0,1,1,50.0,42,21.0,0.3,14.0,0,BrowJo02,526,0.0038022813688212928
53,477,Tommy Sweeney,BUF,27,TE,5,0,1,1,100.0%,7,7.0,0,1,100.0,7,7.0,0.2,1.4,0,SweeTo00,526,0.0019011406844106464
54,499,Tanner Gentry,BUF,28,WR,3,0,1,0,0.0%,0,,0,0,0.0,0,0.0,0.0,0.0,0,GentTa00,526,0.0019011406844106464
55,5,Austin Ekeler,LAC,27,RB,17,17,127,107,84.3%,722,6.7,5,36,48.0,23,5.7,6.3,42.5,5,EkelAu00,687,0.1848617176128093
56,36,Josh Palmer,LAC,24,WR,16,11,107,72,67.3%,769,10.7,3,39,55.1,50,7.2,4.5,48.1,1,PalmJo00,687,0.15574963609898107
57,42,Keenan Allen,LAC,30,WR,10,10,89,66,74.2%,752,11.4,4,39,56.2,46,8.4,6.6,75.2,1,AlleKe00,687,0.12954876273653565
58,49,Mike Williams,LAC,28,WR,13,13,93,63,67.7%,895,14.2,4,39,59.1,55,9.6,4.8,68.8,0,WillMi07,687,0.13537117903930132
59,58,Gerald Everett,LAC,28,TE,16,11,87,58,66.7%,555,9.6,4,29,48.3,26,6.4,3.6,34.7,0,EverGe00,687,0.12663755458515283
60,86,DeAndre Carter,LAC,29,WR,17,7,65,46,70.8%,538,11.7,3,29,53.8,35,8.3,2.7,31.6,3,CartDe02,687,0.09461426491994178
61,246,Joshua Kelley,LAC,25,RB,13,1,25,14,56.0%,101,7.2,0,4,44.0,22,4.0,1.1,7.8,0,KellJo01,687,0.036390101892285295
62,277,Michael Bandy,LAC,25,WR,10,2,21,10,47.6%,89,8.9,0,5,33.3,25,4.2,1.0,8.9,0,BandMi00,687,0.03056768558951965
63,283,Tre' McKitty,LAC,23,TE,17,8,18,10,55.6%,72,7.2,0,0,22.2,12,4.0,0.6,4.2,1,McKiTr00,687,0.026200873362445413
64,285,Donald Parham,LAC,25,TE,6,1,12,10,83.3%,130,13.0,1,5,83.3,24,10.8,1.7,21.7,0,ParhDo00,687,0.017467248908296942
65,299,Sony Michel,LAC,27,RB,10,0,13,9,69.2%,53,5.9,0,1,38.5,9,4.1,0.9,5.3,0,MichSo00,687,0.018922852983988356
66,351,Zander Horvath,LAC,24,FB,15,2,8,5,62.5%,8,1.6,2,2,37.5,5,1.0,0.3,0.5,0,HorvZa00,687,0.011644832605531296
67,375,Stone Smartt,LAC,24,TE,7,1,5,4,80.0%,17,4.3,0,1,20.0,8,3.4,0.6,2.4,0,SmarSt00,687,0.00727802037845706
68,397,Isaiah Spiller,LAC,21,RB,6,0,3,3,100.0%,13,4.3,0,0,33.3,8,4.3,0.5,2.2,0,SpilIs00,687,0.004366812227074236
69,416,Jalen Guyton,LAC,25,WR,3,0,4,2,50.0%,64,32.0,0,2,50.0,54,16.0,0.7,21.3,0,GuytJa01,687,0.005822416302765648
70,418,Justin Herbert,LAC,24,QB,17,17,2,2,100.0%,-10,-5.0,0,0,0.0,-2,-5.0,0.1,-0.6,8,HerbJu00,687,0.002911208151382824
71,430,Larry Rountree,LAC,23,RB,4,0,2,2,100.0%,14,7.0,0,1,50.0,13,7.0,0.5,3.5,0,RounLa00,687,0.002911208151382824
72,470,Jason Moore,LAC,27,WR,6,0,2,1,50.0%,5,5.0,0,0,0.0,5,2.5,0.2,0.8,0,MoorJa02,687,0.002911208151382824
73,472,Richard Rodgers,LAC,30,TE,10,1,4,1,25.0%,4,4.0,0,0,0.0,4,1.0,0.1,0.4,0,RodgRi00,687,0.005822416302765648
74,6,CeeDee Lamb*,DAL,23,WR,17,17,156,107,68.6%,1359,12.7,9,67,55.1,39,8.7,6.3,79.9,0,LambCe00,545,0.28623853211009176
75,65,Dalton Schultz,DAL,26,TE,15,15,89,57,64.0%,577,10.1,5,27,55.1,30,6.5,3.8,38.5,1,SchuDa00,545,0.163302752293578
76,92,Noah Brown,DAL,26,WR,16,13,74,43,58.1%,555,12.9,3,25,48.6,51,7.5,2.7,34.7,1,BrowNo00,545,0.13577981651376148
77,108,Michael Gallup,DAL,26,WR,14,11,74,39,52.7%,424,10.9,4,25,44.6,27,5.7,2.8,30.3,0,GallMi00,545,0.13577981651376148
78,109,Tony Pollard*,DAL,25,RB,16,4,55,39,70.9%,371,9.5,3,18,47.3,68,6.7,2.4,23.2,0,PollTo00,545,0.10091743119266056
79,204,Jake Ferguson,DAL,23,TE,16,8,22,19,86.4%,174,9.2,2,8,63.6,30,7.9,1.2,10.9,0,FergJa00,545,0.04036697247706422
80,219,Ezekiel Elliott,DAL,27,RB,15,14,23,17,73.9%,92,5.4,0,4,39.1,31,4.0,1.1,6.1,0,ElliEz00,545,0.04220183486238532
81,268,Peyton Hendershot,DAL,23,TE,17,2,16,11,68.8%,103,9.4,2,8,50.0,29,6.4,0.6,6.1,1,HendPe01,545,0.029357798165137616
82,321,T.Y. Hilton,DAL,33,WR,3,0,10,7,70.0%,121,17.3,0,5,60.0,52,12.1,2.3,40.3,0,HiltT.00,545,0.01834862385321101
83,331,Malik Davis,DAL,24,RB,12,0,7,6,85.7%,63,10.5,0,5,85.7,18,9.0,0.5,5.3,0,DaviMa02,545,0.012844036697247707
84,387,Simi Fehoko,DAL,25,WR,5,0,4,3,75.0%,24,8.0,0,1,50.0,12,6.0,0.6,4.8,0,FehoSi00,545,0.007339449541284404
85,419,Dennis Houston,DAL,23,WR,2,0,6,2,33.3%,16,8.0,0,0,16.7,11,2.7,1.0,8.0,0,HousDe01,545,0.011009174311926606
86,426,Sean McKeon,DAL,25,TE,13,0,3,2,66.7%,11,5.5,0,1,33.3,10,3.7,0.2,0.8,0,McKeSe01,545,0.005504587155963303
87,437,Jalen Tolbert,DAL,23,WR,8,1,3,2,66.7%,12,6.0,0,0,33.3,8,4.0,0.3,1.5,0,TolbJa00,545,0.005504587155963303
88,480,KaVontae Turpin*,DAL,26,WR,17,0,2,1,50.0%,9,9.0,0,0,50.0,9,4.5,0.1,0.5,3,TurpKa00,545,0.003669724770642202
89,507,James Washington,DAL,26,WR,2,0,1,0,0.0%,0,,0,0,0.0,0,0.0,0.0,0.0,0,WashJa00,545,0.001834862385321101
90,7,Amon-Ra St. Brown*,DET,23,WR,16,16,146,106,72.6%,1161,11.0,6,68,62.3,49,8.0,6.6,72.6,0,StxxAm00,520,0.28076923076923077
91,83,D'Andre Swift,DET,23,RB,14,8,70,48,68.6%,389,8.1,3,17,38.6,25,5.6,3.4,27.8,1,SwifDA00,520,0.1346153846153846
92,85,Kalif Raymond,DET,28,WR,17,7,64,47,73.4%,616,13.1,0,24,56.3,56,9.6,2.8,36.2,3,RaymKa00,520,0.12307692307692308
93,113,Josh Reynolds,DET,27,WR,14,11,59,38,64.4%,479,12.6,3,25,61.0,31,8.1,2.7,34.2,0,ReynJo00,520,0.11346153846153846
94,146,DJ Chark,DET,26,WR,11,10,52,30,57.7%,502,16.7,3,24,51.9,51,9.7,2.7,45.6,0,CharDJ00,520,0.1
95,215,Brock Wright,DET,24,TE,17,10,24,18,75.0%,216,12.0,4,13,62.5,51,9.0,1.1,12.7,0,WrigBr01,520,0.046153846153846156
96,262,Justin Jackson,DET,26,RB,16,0,19,12,63.2%,101,8.4,1,7,52.6,15,5.3,0.8,6.3,0,JackJu01,520,0.03653846153846154
97,265,Jamaal Williams,DET,27,RB,17,9,16,12,75.0%,73,6.1,0,4,37.5,17,4.6,0.7,4.3,3,WillJa06,520,0.03076923076923077
98,270,James Mitchell,DET,23,TE,14,0,11,11,100.0%,113,10.3,1,7,100.0,22,10.3,0.8,8.1,0,MitcJa00,520,0.021153846153846155
99,276,Shane Zylstra,DET,26,TE,13,2,15,11,73.3%,60,5.5,4,6,46.7,14,4.0,0.8,4.6,0,ZylsSh00,520,0.028846153846153848
100,302,Craig Reynolds,DET,26,RB,9,0,10,9,90.0%,116,12.9,0,5,70.0,36,11.6,1.0,12.9,0,ReynCr00,520,0.019230769230769232
101,307,Tom Kennedy,DET,26,WR,7,1,15,8,53.3%,141,17.6,0,7,53.3,44,9.4,1.1,20.1,0,KennTo01,520,0.028846153846153848
102,409,Quintez Cephus,DET,24,WR,4,1,3,2,66.7%,15,7.5,0,1,66.7,9,5.0,0.5,3.8,0,CephQu00,520,0.0057692307692307696
103,448,Maurice Alexander,DET,25,WR,4,0,1,1,100.0%,7,7.0,0,0,0.0,7,7.0,0.3,1.8,0,AlexMa02,520,0.0019230769230769232
104,452,Jason Cabinda,DET,26,FB,8,2,4,1,25.0%,5,5.0,0,1,25.0,5,1.3,0.1,0.6,0,CabiJa00,520,0.007692307692307693
105,460,Jared Goff*,DET,28,QB,17,17,1,1,100.0%,5,5.0,0,0,100.0,5,5.0,0.1,0.3,7,GoffJa00,520,0.0019230769230769232
106,474,Penei Sewell*,DET,22,T,17,17,1,1,100.0%,9,9.0,0,1,100.0,9,9.0,0.1,0.5,0,SewePe00,520,0.0019230769230769232
107,483,Jameson Williams,DET,21,WR,6,0,9,1,11.1%,41,41.0,1,1,11.1,41,4.6,0.2,6.8,0,WillJa11,520,0.01730769230769231
108,8,Chris Godwin,TAM,26,WR,15,13,142,104,73.2%,1023,9.8,3,53,60.6,44,7.2,6.9,68.2,2,GodwCh00,717,0.19804741980474197
109,25,Mike Evans,TAM,29,WR,15,15,127,77,60.6%,1124,14.6,6,53,54.3,63,8.9,5.1,74.9,0,EvanMi00,717,0.17712691771269176
110,32,Leonard Fournette,TAM,27,RB,16,9,83,73,88.0%,523,7.2,3,26,55.4,44,6.3,4.6,32.7,0,FourLe00,717,0.11576011157601115
111,75,Russell Gage,TAM,26,WR,13,4,70,51,72.9%,426,8.4,5,31,62.9,23,6.1,3.9,32.8,1,GageRu00,717,0.09762900976290098
112,78,Rachaad White,TAM,23,RB,17,8,58,50,86.2%,290,5.8,2,13,53.4,20,5.0,2.9,17.1,3,WhitRa01,717,0.08089260808926081
113,96,Cade Otton,TAM,23,TE,16,11,65,42,64.6%,391,9.3,2,19,52.3,35,6.0,2.6,24.4,0,OttoCa00,717,0.09065550906555091
114,180,Julio Jones,TAM,33,WR,10,5,43,24,55.8%,299,12.5,2,13,41.9,48,7.0,2.4,29.9,0,JoneJu02,717,0.0599721059972106
115,184,Scott Miller,TAM,25,WR,15,1,40,23,57.5%,185,8.0,0,8,47.5,23,4.6,1.5,12.3,0,MillSc01,717,0.05578800557880056
116,196,Cameron Brate,TAM,31,TE,11,1,38,20,52.6%,174,8.7,0,8,28.9,21,4.6,1.8,15.8,0,BratCa00,717,0.05299860529986053
117,301,Breshad Perriman,TAM,29,WR,11,3,19,9,47.4%,110,12.2,1,5,31.6,28,5.8,0.8,10.0,2,PerrBr02,717,0.026499302649930265
118,324,Ko Kieft,TAM,24,TE,17,12,10,7,70.0%,80,11.4,1,5,70.0,19,8.0,0.4,4.7,0,KiefKo00,717,0.01394700139470014
119,358,Deven Thompkins,TAM,23,WR,5,1,10,5,50.0%,32,6.4,0,1,20.0,13,3.2,1.0,6.4,1,ThomDe07,717,0.01394700139470014
120,396,Kyle Rudolph,TAM,33,TE,9,0,5,3,60.0%,28,9.3,1,2,60.0,12,5.6,0.3,3.1,0,RudoKy00,717,0.00697350069735007
121,399,Ke'Shawn Vaughn,TAM,25,RB,15,0,4,3,75.0%,19,6.3,0,1,25.0,11,4.8,0.2,1.3,0,VaugKe00,717,0.005578800557880056
122,404,Giovani Bernard,TAM,31,RB,8,0,2,2,100.0%,-1,-0.5,0,0,0.0,6,-0.5,0.3,-0.1,1,BernGi00,717,0.002789400278940028
123,492,Tom Brady,TAM,45,QB,17,17,1,0,0.0%,0,,0,0,0.0,0,0.0,0.0,0.0,5,BradTo00,717,0.001394700139470014
124,9,Davante Adams*+,LVR,30,WR,17,17,180,100,55.6%,1516,15.2,14,65,46.1,60,8.4,5.9,89.2,1,AdamDa01,558,0.3225806451612903
125,62,Mack Hollins,LVR,29,WR,17,16,94,57,60.6%,690,12.1,4,34,51.1,60,7.3,3.4,40.6,0,HollMa00,558,0.16845878136200718
126,69,Josh Jacobs*+,LVR,24,RB,17,17,64,53,82.8%,400,7.5,0,16,50.0,43,6.3,3.1,23.5,3,JacoJo01,558,0.11469534050179211
127,122,Hunter Renfrow,LVR,27,WR,10,1,50,36,72.0%,330,9.2,2,18,52.0,27,6.6,3.6,33.0,3,RenfHu00,558,0.08960573476702509
128,134,Foster Moreau,LVR,25,TE,15,14,54,33,61.1%,420,12.7,2,24,51.9,33,7.8,2.2,28.0,1,MoreFo00,558,0.0967741935483871
129,158,Darren Waller,LVR,30,TE,9,6,43,28,65.1%,388,13.9,3,18,46.5,34,9.0,3.1,43.1,0,WallDa01,558,0.07706093189964158
130,167,Ameer Abdullah,LVR,29,RB,17,0,32,25,78.1%,211,8.4,1,8,34.4,23,6.6,1.5,12.4,0,AbduAm00,558,0.05734767025089606
131,279,Keelan Cole,LVR,29,WR,14,3,21,10,47.6%,141,14.1,1,8,47.6,30,6.7,0.7,10.1,1,ColeKe00,558,0.03763440860215054
132,289,Brandon Bolden,LVR,32,RB,16,0,9,9,100.0%,57,6.3,1,2,44.4,18,6.3,0.6,3.6,0,BoldBr00,558,0.016129032258064516
133,352,Jakob Johnson,LVR,28,FB,17,9,6,5,83.3%,10,2.0,0,0,0.0,5,1.7,0.3,0.6,0,JohnJa12,558,0.010752688172043012
134,390,Jesper Horsted,LVR,25,TE,15,0,4,3,75.0%,19,6.3,0,0,25.0,9,4.8,0.2,1.3,0,HorsJe00,558,0.007168458781362007
135,506,DJ Turner,LVR,25,WR,9,0,1,0,0.0%,0,,0,0,0.0,0,0.0,0.0,0.0,1,TurnDJ00,558,0.0017921146953405018
136,10,Michael Pittman Jr.,IND,25,WR,16,16,141,99,70.2%,925,9.3,4,51,53.9,28,6.6,6.2,57.8,2,PittMi01,546,0.25824175824175827
137,46,Parris Campbell,IND,25,WR,17,16,91,63,69.2%,623,9.9,3,32,54.9,49,6.8,3.7,36.6,1,CampPa00,546,0.16666666666666666
138,103,Alec Pierce,IND,22,WR,16,12,78,41,52.6%,593,14.5,2,28,46.2,47,7.6,2.6,37.1,1,PierAl00,546,0.14285714285714285
139,142,Kylen Granson,IND,24,TE,13,4,40,31,77.5%,302,9.7,0,17,52.5,32,7.6,2.4,23.2,1,GranKy00,546,0.07326007326007326
140,148,Deon Jackson,IND,23,RB,16,2,34,30,88.2%,209,7.0,1,10,47.1,27,6.1,1.9,13.1,1,JackDe02,546,0.06227106227106227
141,157,Jonathan Taylor,IND,23,RB,11,11,40,28,70.0%,143,5.1,0,4,32.5,19,3.6,2.5,13.0,3,TaylJo02,546,0.07326007326007326
142,175,Jelani Woods,IND,24,TE,15,2,40,25,62.5%,312,12.5,3,16,45.0,36,7.8,1.7,20.8,1,WoodJe01,546,0.07326007326007326
143,203,Mo Alie-Cox,IND,29,TE,17,11,28,19,67.9%,189,9.9,3,9,50.0,34,6.8,1.1,11.1,1,AlieMo00,546,0.05128205128205128
144,235,Ashton Dulin,IND,25,WR,12,2,22,15,68.2%,207,13.8,1,12,63.6,39,9.4,1.3,17.3,0,DuliAs00,546,0.040293040293040296
145,336,Phillip Lindsay,IND,28,RB,3,0,8,6,75.0%,19,3.2,0,0,25.0,7,2.4,2.0,6.3,0,LindPh00,546,0.014652014652014652
146,342,Jordan Wilkins,IND,28,RB,4,0,8,6,75.0%,29,4.8,0,1,25.0,10,3.6,1.5,7.3,0,WilkJo01,546,0.014652014652014652
147,398,Mike Strachan,IND,25,WR,13,0,9,3,33.3%,59,19.7,0,3,33.3,23,6.6,0.2,4.5,0,StraMi03,546,0.016483516483516484
148,429,Dezmon Patmon,IND,24,WR,1,0,6,2,33.3%,24,12.0,0,1,33.3,17,4.0,2.0,24.0,0,PatmDe00,546,0.01098901098901099
149,454,Keke Coutee,IND,25,WR,8,0,1,1,100.0%,20,20.0,0,0,100.0,20,20.0,0.1,2.5,4,CoutKe00,546,0.0018315018315018315
150,11,DeVonta Smith,PHI,24,WR,17,17,136,95,69.9%,1196,12.6,7,57,54.4,45,8.8,5.6,70.4,1,SmitDe07,505,0.2693069306930693
151,13,A.J. Brown*,PHI,25,WR,17,16,145,88,60.7%,1496,17.0,11,59,51.7,78,10.3,5.2,88.0,2,BrowAJ00,505,0.2871287128712871
152,68,Dallas Goedert,PHI,27,TE,12,12,69,55,79.7%,702,12.8,3,40,69.6,31,10.2,4.6,58.5,1,GoedDa00,505,0.13663366336633664
153,136,Quez Watkins,PHI,24,WR,17,8,51,33,64.7%,354,10.7,3,13,37.3,53,6.9,1.9,20.8,1,WatkQu00,505,0.100990099009901
154,183,Kenneth Gainwell,PHI,23,RB,17,0,29,23,79.3%,169,7.3,0,7,41.4,20,5.8,1.4,9.9,0,GainKe00,505,0.05742574257425743
155,202,Miles Sanders*,PHI,25,RB,17,15,26,20,76.9%,78,3.9,0,2,46.2,16,3.0,1.2,4.6,2,SandMi01,505,0.05148514851485148
156,239,Zach Pascal,PHI,28,WR,17,2,19,15,78.9%,150,10.0,1,9,63.2,34,7.9,0.9,8.8,0,PascZa00,505,0.03762376237623762
157,275,Jack Stoll,PHI,24,TE,17,11,14,11,78.6%,123,11.2,0,5,71.4,26,8.8,0.6,7.2,0,StolJa00,505,0.027722772277227723
158,347,Grant Calcaterra,PHI,24,TE,15,2,9,5,55.6%,81,16.2,0,3,44.4,40,9.0,0.3,5.4,0,CalcGr00,505,0.01782178217821782
159,357,Boston Scott,PHI,27,RB,15,2,6,5,83.3%,15,3.0,0,0,16.7,5,2.5,0.3,1.0,0,ScotBo02,505,0.011881188118811881
160,504,Noah Togiai,PHI,25,TE,2,0,1,0,0.0%,0,,0,0,0.0,0,0.0,0.0,0.0,0,TogiNo00,505,0.0019801980198019802
161,12,D.K. Metcalf,SEA,25,WR,17,17,141,90,63.8%,1048,11.6,6,47,49.6,54,7.4,5.3,61.6,2,MetcDK00,547,0.2577696526508227
162,19,Tyler Lockett,SEA,30,WR,16,16,117,84,71.8%,1033,12.3,9,50,60.7,40,8.8,5.3,64.6,2,LockTy00,547,0.21389396709323583
163,76,Noah Fant,SEA,25,TE,17,16,63,50,79.4%,486,9.7,4,24,54.0,51,7.7,2.9,28.6,0,FantNo00,547,0.11517367458866545
164,129,Will Dissly,SEA,26,TE,15,15,38,34,89.5%,349,10.3,3,20,73.7,38,9.2,2.3,23.3,0,DissWi00,547,0.06946983546617916
165,161,Marquise Goodwin,SEA,32,WR,13,2,42,27,64.3%,387,14.3,4,18,54.8,38,9.2,2.1,29.8,0,GoodMa00,547,0.07678244972577697
166,166,Kenneth Walker III,SEA,22,RB,15,11,35,27,77.1%,165,6.1,0,6,37.1,33,4.7,1.8,11.0,0,WalkKe00,547,0.06398537477148081
167,172,Colby Parkinson,SEA,23,TE,17,2,34,25,73.5%,322,12.9,2,14,61.8,39,9.5,1.5,18.9,0,ParkCo02,547,0.062157221206581355
168,216,DeeJay Dallas,SEA,24,RB,15,0,19,17,89.5%,126,7.4,0,5,57.9,41,6.6,1.1,8.4,1,DallDe00,547,0.03473491773308958
169,226,Travis Homer,SEA,24,RB,10,1,18,16,88.9%,157,9.8,1,7,50.0,27,8.7,1.6,15.7,1,HomeTr00,547,0.03290676416819013
170,318,D'Wayne Eskridge,SEA,25,WR,10,0,13,7,53.8%,58,8.3,0,4,30.8,16,4.5,0.7,5.8,0,EskrDW00,547,0.02376599634369287
171,340,Laquon Treadwell,SEA,27,WR,6,0,10,6,60.0%,42,7.0,0,3,30.0,17,4.2,1.0,7.0,0,TreaLa00,547,0.018281535648994516
172,373,Rashaad Penny,SEA,26,RB,5,5,5,4,80.0%,16,4.0,0,2,60.0,6,3.2,0.8,3.2,1,PennRa00,547,0.009140767824497258
173,388,Penny Hart,SEA,26,WR,9,0,4,3,75.0%,20,6.7,0,1,25.0,15,5.0,0.3,2.2,0,HartPe01,547,0.007312614259597806
174,423,Cade Johnson,SEA,24,WR,3,0,4,2,50.0%,21,10.5,0,2,50.0,11,5.3,0.7,7.0,0,JohnCa03,547,0.007312614259597806
175,446,Dareke Young,SEA,23,WR,13,0,2,2,100.0%,24,12.0,0,2,100.0,12,12.0,0.2,1.8,0,YounDa02,547,0.003656307129798903
176,464,Godwin Igwebuike,SEA,28,RB,5,0,1,1,100.0%,3,3.0,0,0,0.0,3,3.0,0.2,0.6,0,IgweGo00,547,0.0018281535648994515
177,468,Tyler Mabry,SEA,26,TE,2,0,1,1,100.0%,7,7.0,1,1,100.0,7,7.0,0.5,3.5,0,MabrTy00,547,0.0018281535648994515
178,14,Ja'Marr Chase*,CIN,22,WR,12,12,134,87,64.9%,1046,12.0,9,58,55.2,60,7.8,7.3,87.2,2,ChasJa00,594,0.2255892255892256
179,29,Tee Higgins,CIN,23,WR,16,14,109,74,67.9%,1029,13.9,7,47,59.6,59,9.4,4.6,64.3,0,HiggTe00,594,0.1835016835016835
180,53,Joe Mixon,CIN,26,RB,14,14,75,60,80.0%,441,7.4,2,17,50.7,35,5.9,4.3,31.5,0,MixoJo00,594,0.12626262626262627
181,56,Tyler Boyd,CIN,28,WR,16,14,82,58,70.7%,762,13.1,5,42,62.2,60,9.3,3.6,47.6,0,BoydTy00,594,0.13804713804713806
182,73,Hayden Hurst,CIN,29,TE,13,13,68,52,76.5%,414,8.0,2,26,61.8,29,6.1,4.0,31.8,0,HursHa00,594,0.11447811447811448
183,112,Samaje Perine,CIN,27,RB,16,2,51,38,74.5%,287,7.6,4,11,41.2,32,5.6,2.4,17.9,0,PeriSa00,594,0.08585858585858586
184,222,Mitchell Wilcox,CIN,26,TE,16,4,18,17,94.4%,139,8.2,1,6,66.7,19,7.7,1.1,8.7,0,WilcMi01,594,0.030303030303030304
185,237,Trenton Irwin,CIN,27,WR,9,2,23,15,65.2%,231,15.4,4,12,65.2,45,10.0,1.7,25.7,0,IrwiTr00,594,0.03872053872053872
186,339,Trent Taylor,CIN,28,WR,16,1,10,6,60.0%,62,10.3,0,1,30.0,34,6.2,0.4,3.9,2,TaylTr02,594,0.016835016835016835
187,386,Chris Evans,CIN,25,RB,12,0,4,3,75.0%,38,12.7,1,2,50.0,26,9.5,0.3,3.2,0,EvanCh02,594,0.006734006734006734
188,401,Devin Asiasi,CIN,25,TE,12,0,4,2,50.0%,5,2.5,0,0,25.0,6,1.3,0.2,0.4,0,AsiaDe00,594,0.006734006734006734
189,431,Drew Sample,CIN,26,TE,2,2,2,2,100.0%,-2,-1.0,0,0,0.0,2,-1.0,1.0,-1.0,0,SampDr00,594,0.003367003367003367
190,436,Mike Thomas,CIN,28,WR,10,2,10,2,20.0%,38,19.0,0,1,10.0,33,3.8,0.2,3.8,0,ThomMi04,594,0.016835016835016835
191,445,Trayveon Williams,CIN,25,RB,8,0,3,2,66.7%,30,15.0,0,1,33.3,24,10.0,0.3,3.8,0,WillTr06,594,0.005050505050505051
192,502,Stanley Morgan Jr.,CIN,26,WR,14,0,1,0,0.0%,0,,0,0,0.0,0,0.0,0.0,0.0,0,MorgSt02,594,0.0016835016835016834
193,16,Diontae Johnson,PIT,26,WR,17,17,147,86,58.5%,882,10.3,0,45,49.0,37,6.0,5.1,51.9,1,JohnDi01,498,0.29518072289156627
194,47,Pat Freiermuth,PIT,24,TE,16,8,98,63,64.3%,732,11.6,2,37,53.1,57,7.5,3.9,45.8,0,FreiPa00,498,0.19678714859437751
195,74,George Pickens,PIT,21,WR,17,12,84,52,61.9%,801,15.4,4,38,48.8,42,9.5,3.1,47.1,0,PickGe00,498,0.1686746987951807
196,99,Najee Harris,PIT,24,RB,17,17,53,41,77.4%,229,5.6,3,16,49.1,19,4.3,2.4,13.5,3,HarrNa00,498,0.10642570281124498
197,159,Jaylen Warren,PIT,24,RB,16,0,33,28,84.8%,214,7.6,0,14,51.5,26,6.5,1.8,13.4,1,WarrJa01,498,0.06626506024096386
198,205,Zach Gentry,PIT,26,TE,17,13,23,19,82.6%,132,6.9,0,6,39.1,32,5.7,1.1,7.8,0,GentZa00,498,0.04618473895582329
199,249,Steven Sims,PIT,25,WR,12,2,23,14,60.9%,104,7.4,0,5,43.5,28,4.5,1.2,8.7,3,SimsSt00,498,0.04618473895582329
200,260,Connor Heyward,PIT,23,TE,17,0,17,12,70.6%,151,12.6,1,6,58.8,45,8.9,0.7,8.9,0,HeywCo00,498,0.03413654618473896
201,354,Gunner Olszewski,PIT,26,WR,16,2,7,5,71.4%,53,10.6,0,1,42.9,31,7.6,0.3,3.3,2,OlszGu00,498,0.014056224899598393
202,360,Derek Watt,PIT,30,FB,17,3,5,5,100.0%,11,2.2,1,1,40.0,5,2.2,0.3,0.6,0,WattDe00,498,0.010040160642570281
203,406,Miles Boykin,PIT,26,WR,16,1,3,2,66.7%,11,5.5,0,1,33.3,11,3.7,0.1,0.7,0,BoykMi00,498,0.006024096385542169
204,425,Anthony McFarland Jr.,PIT,23,RB,1,0,2,2,100.0%,11,5.5,0,1,50.0,12,5.5,2.0,11.0,0,McFaAn00,498,0.004016064257028112
205,434,Benny Snell Jr.,PIT,24,RB,17,0,2,2,100.0%,17,8.5,0,1,50.0,11,8.5,0.1,1.0,0,SnelBe00,498,0.004016064257028112
206,482,Cody White,PIT,24,WR,1,1,1,1,100.0%,2,2.0,0,0,0.0,2,2.0,1.0,2.0,0,WhitCo05,498,0.002008032128514056
207,18,Christian Kirk,JAX,26,WR,17,17,133,84,63.2%,1108,13.2,8,55,52.6,49,8.3,4.9,65.2,1,KirkCh01,563,0.23623445825932504
208,21,Zay Jones,JAX,27,WR,16,15,121,82,67.8%,823,10.0,5,44,54.5,59,6.8,5.1,51.4,0,JoneZa00,563,0.21492007104795738
209,31,Evan Engram,JAX,28,TE,17,14,98,73,74.5%,766,10.5,4,33,55.1,36,7.8,4.3,45.1,0,EngrEv00,563,0.17406749555950266
210,90,Marvin Jones,JAX,32,WR,16,10,81,46,56.8%,529,11.5,3,29,51.9,37,6.5,2.9,33.1,0,JoneMa02,563,0.1438721136767318
211,125,Travis Etienne,JAX,23,RB,17,12,45,35,77.8%,316,9.0,0,16,44.4,30,7.0,2.1,18.6,5,EtieTr00,563,0.07992895204262877
212,182,Jamal Agnew*,JAX,27,WR,15,0,30,23,76.7%,187,8.1,3,9,53.3,24,6.2,1.5,12.5,0,AgneJa00,563,0.05328596802841918
213,200,Jamycal Hasty,JAX,26,RB,17,0,26,20,76.9%,126,6.3,1,7,30.8,28,4.8,1.2,7.4,0,HastJa02,563,0.046181172291296625
214,288,Dan Arnold,JAX,27,TE,17,0,13,9,69.2%,135,15.0,0,5,53.8,26,10.4,0.5,7.9,0,ArnoDa00,563,0.023090586145648313
215,337,Chris Manhertz,JAX,30,TE,17,11,8,6,75.0%,42,7.0,0,2,37.5,21,5.3,0.4,2.5,0,ManhCh00,563,0.014209591474245116
216,364,Luke Farrell,JAX,25,TE,17,0,4,4,100.0%,40,10.0,0,3,75.0,15,10.0,0.2,2.4,0,FarrLu00,563,0.007104795737122558
217,392,Tim Jones,JAX,24,WR,17,1,4,3,75.0%,30,10.0,0,1,75.0,20,7.5,0.2,1.8,0,JoneTi00,563,0.007104795737122558
218,20,Garrett Wilson,NYJ,22,WR,17,12,147,83,56.5%,1103,13.3,4,56,47.6,60,7.5,4.9,64.9,2,WilsGa00,584,0.2517123287671233
219,57,Tyler Conklin,NYJ,27,TE,17,16,87,58,66.7%,552,9.5,3,25,44.8,30,6.3,3.4,32.5,2,ConkTy00,584,0.14897260273972604
220,98,Michael Carter,NYJ,23,RB,16,10,54,41,75.9%,288,7.0,0,12,46.3,37,5.3,2.6,18.0,2,CartMi03,584,0.09246575342465753
221,120,Elijah Moore,NYJ,22,WR,16,9,65,37,56.9%,446,12.1,1,22,44.6,42,6.9,2.3,27.9,1,MoorEl00,584,0.1113013698630137
222,137,Corey Davis,NYJ,27,WR,13,10,64,32,50.0%,536,16.8,2,28,48.4,66,8.4,2.5,41.2,0,DaviCo03,584,0.1095890410958904
223,195,C.J. Uzomah,NYJ,29,TE,15,13,27,21,77.8%,232,11.0,2,10,51.9,40,8.6,1.4,15.5,0,UzomC.00,584,0.046232876712328765
224,206,Breece Hall,NYJ,21,RB,7,2,31,19,61.3%,218,11.5,1,8,35.5,79,7.0,2.7,31.1,1,HallBr03,584,0.053082191780821915
225,213,Braxton Berrios,NYJ,27,WR,17,2,32,18,56.3%,145,8.1,0,8,34.4,25,4.5,1.1,8.5,1,BerrBr00,584,0.0547945205479452
226,255,Zonovan Knight,NYJ,21,RB,7,4,14,13,92.9%,100,7.7,0,5,71.4,16,7.1,1.9,14.3,2,KnigZo00,584,0.023972602739726026
227,263,Ty Johnson,NYJ,25,RB,17,1,24,12,50.0%,88,7.3,0,3,25.0,16,3.7,0.7,5.2,0,JohnTy02,584,0.0410958904109589
228,269,Denzel Mims,NYJ,25,WR,10,4,25,11,44.0%,186,16.9,0,7,36.0,63,7.4,1.1,18.6,0,MimsDe00,584,0.04280821917808219
229,315,Jeff Smith,NYJ,25,WR,11,0,11,8,72.7%,134,16.8,0,5,63.6,50,12.2,0.7,12.2,0,SmitJe03,584,0.018835616438356163
230,473,Jeremy Ruckert,NYJ,22,TE,9,0,2,1,50.0%,8,8.0,0,0,50.0,8,4.0,0.1,0.9,0,RuckJe00,584,0.003424657534246575
231,486,Zach Wilson,NYJ,23,QB,9,9,1,1,100.0%,2,2.0,1,1,100.0,2,2.0,0.1,0.2,1,WilsZa00,584,0.0017123287671232876
232,22,Brandon Aiyuk,SFO,24,WR,17,17,114,78,68.4%,1015,13.0,8,47,59.6,54,8.9,4.6,59.7,1,AiyuBr00,426,0.2676056338028169
233,51,George Kittle*,SFO,29,TE,15,15,86,60,69.8%,765,12.8,11,36,58.1,54,8.9,4.0,51.0,1,KittGe00,426,0.20187793427230047
234,67,Deebo Samuel,SFO,26,WR,13,12,94,56,59.6%,632,11.3,2,25,47.9,57,6.7,4.3,48.6,3,SamuDe00,426,0.22065727699530516
235,127,Jauan Jennings,SFO,25,WR,16,4,56,35,62.5%,416,11.9,1,23,55.4,44,7.4,2.2,26.0,1,JennJa00,426,0.13145539906103287
236,207,Kyle Juszczyk*,SFO,31,FB,16,12,23,19,82.6%,200,10.5,1,9,56.5,35,8.7,1.2,12.5,0,JuszKy00,426,0.0539906103286385
237,247,Ray-Ray McCloud,SFO,26,WR,17,2,25,14,56.0%,243,17.4,1,11,52.0,42,9.7,0.8,14.3,2,McClRa00,426,0.05868544600938967
238,371,Tyler Kroft,SFO,30,TE,11,4,5,4,80.0%,57,14.3,0,2,80.0,28,11.4,0.4,5.2,0,KrofTy00,426,0.011737089201877934
239,382,Tevin Coleman,SFO,29,RB,5,0,3,3,100.0%,44,14.7,1,2,66.7,30,14.7,0.6,8.8,0,ColeTe01,426,0.007042253521126761
240,383,Ross Dwelley,SFO,27,TE,12,0,5,3,60.0%,105,35.0,1,3,60.0,56,21.0,0.3,8.8,0,DwelRo00,426,0.011737089201877934
241,393,Elijah Mitchell,SFO,24,RB,5,1,4,3,75.0%,7,2.3,0,0,50.0,5,1.8,0.6,1.4,0,MitcEl00,426,0.009389671361502348
242,461,Danny Gray,SFO,23,WR,13,0,7,1,14.3%,10,10.0,0,1,14.3,10,1.4,0.1,0.8,0,GrayDa02,426,0.01643192488262911
243,495,Tyrion Davis-Price,SFO,22,RB,6,0,2,0,0.0%,0,,0,0,0.0,0,0.0,0.0,0.0,0,DaviTy03,426,0.004694835680751174
244,508,Charlie Woerner,SFO,25,TE,17,2,2,0,0.0%,0,,0,0,0.0,0,0.0,0.0,0.0,0,WoerCh00,426,0.004694835680751174
245,23,Amari Cooper,CLE,28,WR,17,17,132,78,59.1%,1160,14.9,9,61,53.0,55,8.8,4.6,68.2,0,CoopAm00,497,0.2655935613682093
246,50,Donovan Peoples-Jones,CLE,23,WR,17,14,96,61,63.5%,839,13.8,3,33,50.0,42,8.7,3.6,49.4,1,PeopDo00,497,0.193158953722334
247,59,David Njoku,CLE,26,TE,14,14,80,58,72.5%,628,10.8,4,36,61.3,38,7.9,4.1,44.9,1,NjokDa00,497,0.16096579476861167
248,126,Kareem Hunt,CLE,27,RB,17,0,44,35,79.5%,210,6.0,1,11,38.6,24,4.8,2.1,12.4,1,HuntKa00,497,0.08853118712273642
249,141,Harrison Bryant,CLE,24,TE,17,9,42,31,73.8%,239,7.7,1,12,52.4,30,5.7,1.8,14.1,0,BryaHa00,497,0.08450704225352113
250,160,Nick Chubb*,CLE,27,RB,17,17,37,27,73.0%,239,8.9,1,12,51.4,26,6.5,1.6,14.1,1,ChubNi00,497,0.0744466800804829
251,176,David Bell,CLE,22,WR,16,3,35,24,68.6%,214,8.9,0,7,40.0,20,6.1,1.5,13.4,0,BellDa02,497,0.07042253521126761
252,361,Michael Woods II,CLE,22,WR,10,0,10,5,50.0%,45,9.0,0,3,40.0,15,4.5,0.5,4.5,0,WoodMi00,497,0.02012072434607646
253,374,Anthony Schwartz,CLE,22,WR,11,1,10,4,40.0%,51,12.8,0,2,30.0,19,5.1,0.4,4.6,1,SchwAn00,497,0.02012072434607646
254,391,D'Ernest Johnson,CLE,26,RB,15,0,3,3,100.0%,7,2.3,0,0,33.3,7,2.3,0.2,0.5,0,JohnDE04,497,0.006036217303822937
255,402,Daylen Baldwin,CLE,23,WR,1,0,2,2,100.0%,25,12.5,0,2,100.0,15,12.5,2.0,25.0,0,BaldDa01,497,0.004024144869215292
256,415,Demetric Felton,CLE,24,RB,8,2,4,2,50.0%,8,4.0,0,0,25.0,5,2.0,0.3,1.0,1,FeltDe00,497,0.008048289738430584
257,493,Jack Conklin,CLE,28,T,14,14,1,0,0.0%,0,,0,0,0.0,0,0.0,0.0,0.0,0,ConkJa00,497,0.002012072434607646
258,497,Miller Forristall,CLE,24,TE,4,0,1,0,0.0%,0,,0,0,0.0,0,0.0,0.0,0.0,0,ForrMi00,497,0.002012072434607646
259,26,Terry McLaurin*,WAS,27,WR,17,17,120,77,64.2%,1191,15.5,5,56,55.0,52,9.9,4.5,70.1,1,McLaTe00,531,0.22598870056497175
260,44,Curtis Samuel,WAS,26,WR,17,12,92,64,69.6%,656,10.3,4,36,46.7,49,7.1,3.8,38.6,1,SamuCu00,531,0.17325800376647835
261,89,Antonio Gibson,WAS,24,RB,15,6,58,46,79.3%,353,7.7,2,18,46.6,26,6.1,3.1,23.5,1,GibsAn00,531,0.10922787193973635
262,111,Logan Thomas,WAS,31,TE,14,13,61,39,63.9%,323,8.3,1,15,45.9,27,5.3,2.8,23.1,0,ThomLo00,531,0.11487758945386065
263,124,Jahan Dotson,WAS,22,WR,12,10,61,35,57.4%,523,14.9,7,26,50.8,61,8.6,2.9,43.6,0,DotsJa00,531,0.11487758945386065
264,162,J.D. McKissic,WAS,29,RB,8,0,40,27,67.5%,173,6.4,0,7,42.5,14,4.3,3.4,21.6,0,McKiJ.00,531,0.07532956685499058
265,243,John Bates,WAS,25,TE,16,7,22,14,63.6%,108,7.7,1,4,50.0,20,4.9,0.9,6.8,1,BateJo00,531,0.04143126177024482
266,303,Brian Robinson Jr.,WAS,23,RB,12,9,12,9,75.0%,60,6.7,1,3,50.0,18,5.0,0.8,5.0,2,RobiBr01,531,0.022598870056497175
267,314,Cam Sims,WAS,26,WR,17,3,18,8,44.4%,89,11.1,0,5,33.3,21,4.9,0.5,5.2,0,SimsCa00,531,0.03389830508474576
268,328,Jonathan Williams,WAS,28,RB,13,2,10,7,70.0%,40,5.7,0,2,30.0,21,4.0,0.5,3.1,0,WillJo07,531,0.018832391713747645
269,338,Dax Milne,WAS,23,WR,15,1,7,6,85.7%,37,6.2,1,2,85.7,12,5.3,0.4,2.5,1,MilnDa00,531,0.013182674199623353
270,345,Dyami Brown,WAS,23,WR,15,0,14,5,35.7%,143,28.6,2,5,35.7,75,10.2,0.3,9.5,0,BrowDy00,531,0.026365348399246705
271,356,Armani Rogers,WAS,25,TE,11,3,6,5,83.3%,64,12.8,0,4,66.7,23,10.7,0.5,5.8,0,RogeAr00,531,0.011299435028248588
272,439,Cole Turner,WAS,22,TE,10,2,9,2,22.2%,23,11.5,0,1,11.1,18,2.6,0.2,2.3,0,TurnCo00,531,0.01694915254237288
273,503,Jaret Patterson,WAS,23,RB,3,0,1,0,0.0%,0,,0,0,0.0,0,0.0,0.0,0.0,0,PattJa01,531,0.0018832391713747645
274,27,Cooper Kupp,LAR,29,WR,9,9,98,75,76.5%,812,10.8,6,42,62.2,75,8.3,8.3,90.2,2,KuppCo00,517,0.1895551257253385
275,33,Tyler Higbee,LAR,29,TE,17,17,108,72,66.7%,620,8.6,3,32,51.9,26,5.7,4.2,36.5,0,HigbTy00,517,0.20889748549323017
276,110,Ben Skowronek,LAR,25,WR,14,11,61,39,63.9%,376,9.6,0,16,49.2,32,6.2,2.8,26.9,0,SkowBe00,517,0.11798839458413926
277,135,Allen Robinson,LAR,29,WR,10,10,52,33,63.5%,339,10.3,3,23,53.8,29,6.5,3.3,33.9,0,RobiAl02,517,0.10058027079303675
278,179,Van Jefferson,LAR,26,WR,11,9,44,24,54.5%,369,15.4,3,20,50.0,39,8.4,2.2,33.5,0,JeffVa00,517,0.0851063829787234
279,181,Brandon Powell,LAR,27,WR,17,6,32,24,75.0%,156,6.5,0,7,40.6,16,4.9,1.4,9.2,1,PoweBr00,517,0.061895551257253385
280,212,Tutu Atwell,LAR,23,WR,13,4,35,18,51.4%,298,16.6,1,11,40.0,62,8.5,1.4,22.9,0,AtweTu00,517,0.06769825918762089
281,221,Darrell Henderson,LAR,25,RB,10,7,22,17,77.3%,102,6.0,0,5,50.0,15,4.6,1.7,10.2,0,HendDa00,517,0.0425531914893617
282,250,Cam Akers,LAR,23,RB,15,9,18,13,72.2%,117,9.0,0,8,50.0,18,6.5,0.9,7.8,2,AkerCa00,517,0.03481624758220503
283,305,Kyren Williams,LAR,22,RB,10,0,12,9,75.0%,76,8.4,0,5,58.3,15,6.3,0.9,7.6,0,WillKy02,517,0.02321083172147002
284,322,Brycen Hopkins,LAR,25,TE,14,1,11,7,63.6%,109,15.6,0,5,54.5,22,9.9,0.5,7.8,0,HopkBr01,517,0.02127659574468085
285,346,Malcolm Brown,LAR,29,RB,11,0,6,5,83.3%,37,7.4,0,2,50.0,13,6.2,0.5,3.4,0,BrowMa03,517,0.01160541586073501
286,355,Ronnie Rivers,LAR,23,RB,8,1,5,5,100.0%,29,5.8,0,1,80.0,14,5.8,0.6,3.6,0,RiveRo01,517,0.009671179883945842
287,405,Kendall Blanton,LAR,27,TE,4,0,2,2,100.0%,35,17.5,0,1,100.0,28,17.5,0.5,8.8,0,BlanKe01,517,0.0038684719535783366
288,438,Austin Trammell,LAR,24,WR,6,0,4,2,50.0%,13,6.5,0,1,50.0,8,3.3,0.3,2.2,0,TramAu00,517,0.007736943907156673
289,459,Jake Gervase,LAR,27,LB,14,0,1,1,100.0%,12,12.0,0,1,100.0,12,12.0,0.1,0.9,0,GervJa00,517,0.0019342359767891683
290,463,Jacob Harris,LAR,25,WR,7,0,1,1,100.0%,6,6.0,0,1,100.0,6,6.0,0.1,0.9,0,HarrJa03,517,0.0019342359767891683
291,501,Lance McCutcheon,LAR,23,WR,10,1,5,0,0.0%,0,,0,0,0.0,0,0.0,0.0,0.0,0,McCuLa01,517,0.009671179883945842
292,30,Mark Andrews*,BAL,27,TE,15,15,113,73,64.6%,847,11.6,5,48,56.6,36,7.5,4.9,56.5,1,AndrMa00,460,0.24565217391304348
293,82,Demarcus Robinson,BAL,28,WR,17,5,75,48,64.0%,458,9.5,2,23,46.7,31,6.1,2.8,26.9,2,RobiDe01,460,0.16304347826086957
294,118,Devin Duvernay*,BAL,25,WR,14,13,49,37,75.5%,407,11.0,3,19,59.2,31,8.3,2.6,29.1,1,DuveDe00,460,0.10652173913043478
295,121,Isaiah Likely,BAL,22,TE,16,2,60,36,60.0%,373,10.4,3,18,35.0,34,6.2,2.3,23.3,0,LikeIs00,460,0.13043478260869565
296,217,Kenyan Drake,BAL,28,RB,12,5,26,17,65.4%,89,5.2,1,7,34.6,15,3.4,1.4,7.4,1,DrakKe00,460,0.05652173913043478
297,234,Rashod Bateman,BAL,23,WR,6,5,28,15,53.6%,285,19.0,2,7,42.9,75,10.2,2.5,47.5,1,BateRa00,460,0.06086956521739131
298,248,Josh Oliver,BAL,25,TE,17,9,25,14,56.0%,149,10.6,2,7,48.0,40,6.0,0.8,8.8,0,OlivJo00,460,0.05434782608695652
299,261,Justice Hill,BAL,25,RB,15,0,12,12,100.0%,58,4.8,0,2,41.7,15,4.8,0.8,3.9,2,HillJu00,460,0.02608695652173913
300,272,Patrick Ricard*,BAL,28,FB,17,16,13,11,84.6%,74,6.7,0,1,61.5,19,5.7,0.6,4.4,0,RicaPa00,460,0.02826086956521739
301,297,DeSean Jackson,BAL,36,WR,7,1,17,9,52.9%,153,17.0,0,5,47.1,62,9.0,1.3,21.9,0,JackDe00,460,0.03695652173913044
302,311,James Proche,BAL,26,WR,15,0,17,8,47.1%,62,7.8,0,3,41.2,12,3.6,0.5,4.1,0,ProcJa00,460,0.03695652173913044
303,317,J.K. Dobbins,BAL,24,RB,8,8,8,7,87.5%,42,6.0,1,3,62.5,20,5.3,0.9,5.3,0,DobbJK00,460,0.017391304347826087
304,370,Charlie Kolar,BAL,23,TE,2,0,6,4,66.7%,49,12.3,0,3,66.7,15,8.2,2.0,24.5,0,KolaCh00,460,0.013043478260869565
305,377,Tylan Wallace,BAL,23,WR,9,0,7,4,57.1%,33,8.3,0,1,42.9,12,4.7,0.4,3.7,0,WallTy00,460,0.015217391304347827
306,413,Mike Davis,BAL,29,RB,8,0,2,2,100.0%,4,2.0,0,0,0.0,7,2.0,0.3,0.5,1,DaviMi01,460,0.004347826086956522
307,496,Gus Edwards,BAL,27,RB,9,4,2,0,0.0%,0,,0,0,0.0,0,0.0,0.0,0.0,1,EdwaGu00,460,0.004347826086956522
308,34,Drake London,ATL,21,WR,17,15,117,72,61.5%,866,12.0,4,48,56.4,40,7.4,4.2,50.9,3,LondDr00,400,0.2925
309,106,Olamide Zaccheaus,ATL,25,WR,17,13,61,40,65.6%,533,13.3,3,25,52.5,45,8.7,2.4,31.4,1,ZaccOl01,400,0.1525
310,155,Kyle Pitts,ATL,22,TE,10,10,59,28,47.5%,356,12.7,2,20,42.4,33,6.0,2.8,35.6,0,PittKy00,400,0.1475
311,192,Cordarrelle Patterson,ATL,31,RB,13,11,31,21,67.7%,122,5.8,0,6,38.7,16,3.9,1.6,9.4,1,PattCo00,400,0.0775
312,223,Tyler Allgeier,ATL,22,RB,16,7,17,16,94.1%,139,8.7,1,8,58.8,26,8.2,1.0,8.7,0,AllgTy00,400,0.0425
313,228,MyCole Pruitt,ATL,30,TE,13,4,21,16,76.2%,150,9.4,4,10,61.9,29,7.1,1.2,11.5,0,PruiMy00,400,0.0525
314,251,Damiere Byrd,ATL,29,WR,14,4,23,13,56.5%,268,20.6,2,9,47.8,75,11.7,0.9,19.1,0,ByrdDa00,400,0.0575
315,254,KhaDarel Hodge,ATL,27,WR,17,1,20,13,65.0%,202,15.5,1,7,55.0,39,10.1,0.8,11.9,0,HodgKh00,400,0.05
316,258,Avery Williams,ATL,24,RB,17,3,14,13,92.9%,61,4.7,0,3,35.7,10,4.4,0.8,3.6,1,WillAv02,400,0.035
317,292,Anthony Firkser,ATL,27,TE,11,1,13,9,69.2%,100,11.1,0,5,38.5,22,7.7,0.8,9.1,0,FirkAn00,400,0.0325
318,295,Parker Hesse,ATL,27,TE,17,7,11,9,81.8%,89,9.9,0,6,81.8,22,8.1,0.5,5.2,0,HessPa00,400,0.0275
319,384,Bryan Edwards,ATL,24,WR,7,1,5,3,60.0%,15,5.0,0,0,20.0,10,3.0,0.4,2.1,0,EdwaBr01,400,0.0125
320,421,Caleb Huntley,ATL,24,RB,12,0,2,2,100.0%,3,1.5,0,0,0.0,2,1.5,0.2,0.3,1,HuntCa02,400,0.005
321,455,Frank Darby,ATL,25,WR,5,0,1,1,100.0%,15,15.0,0,1,100.0,15,15.0,0.2,3.0,0,DarbFr00,400,0.0025
322,475,Keith Smith,ATL,30,FB,17,6,2,1,50.0%,8,8.0,0,0,50.0,8,4.0,0.1,0.5,0,SmitKe03,400,0.005
323,489,Josh Ali,ATL,23,WR,2,0,1,0,0.0%,0,,0,0,0.0,0,0.0,0.0,0.0,0,AlixJo00,400,0.0025
324,498,Feleipe Franks,ATL,25,TE,11,1,2,0,0.0%,0,,0,0,0.0,0,0.0,0.0,0.0,0,FranFe00,400,0.005
325,35,Chris Olave,NOR,22,WR,15,9,119,72,60.5%,1042,14.5,4,48,53.8,53,8.8,4.8,69.5,2,OlavCh00,487,0.24435318275154005
326,64,Alvin Kamara,NOR,27,RB,15,13,77,57,74.0%,490,8.6,2,17,46.8,54,6.4,3.8,32.7,4,KamaAl00,487,0.15811088295687886
327,94,Juwan Johnson,NOR,26,TE,16,12,65,42,64.6%,508,12.1,7,25,52.3,41,7.8,2.6,31.8,0,JohnJu02,487,0.13347022587268995
328,156,Rashid Shaheed,NOR,24,WR,12,6,34,28,82.4%,488,17.4,2,18,70.6,68,14.4,2.3,40.7,1,ShahRa00,487,0.06981519507186858
329,171,Jarvis Landry,NOR,30,WR,9,3,39,25,64.1%,272,10.9,1,12,48.7,40,7.0,2.8,30.2,1,LandJa00,487,0.08008213552361396
330,210,Tre'Quan Smith,NOR,26,WR,15,6,27,19,70.4%,278,14.6,1,14,66.7,48,10.3,1.3,18.5,0,SmitTr03,487,0.055441478439425054
331,214,Adam Trautman,NOR,25,TE,15,12,22,18,81.8%,207,11.5,1,9,59.1,22,9.4,1.2,13.8,0,TrauAd00,487,0.045174537987679675
332,224,Marquez Callaway,NOR,24,WR,14,3,32,16,50.0%,158,9.9,1,11,43.8,33,4.9,1.1,11.3,0,CallMa01,487,0.06570841889117043
333,227,Mark Ingram,NOR,33,RB,10,3,18,16,88.9%,68,4.3,0,2,33.3,11,3.8,1.6,6.8,2,IngrMa01,487,0.03696098562628337
334,230,Michael Thomas,NOR,29,WR,3,3,22,16,72.7%,171,10.7,3,13,72.7,21,7.8,5.3,57.0,0,ThomMi05,487,0.045174537987679675
335,296,Taysom Hill,NOR,32,TE,16,8,13,9,69.2%,77,8.6,2,5,46.2,30,5.9,0.6,4.8,2,HillTa00,487,0.026694045174537988
336,368,David Johnson,NOR,31,RB,5,0,4,4,100.0%,47,11.8,0,3,100.0,21,11.8,0.8,9.4,1,JohnDa08,487,0.008213552361396304
337,395,Adam Prentice,NOR,25,FB,11,2,3,3,100.0%,9,3.0,0,1,33.3,4,3.0,0.3,0.8,1,PrenAd00,487,0.006160164271047228
338,417,Deonte Harty,NOR,25,WR,4,0,2,2,100.0%,13,6.5,0,0,50.0,9,6.5,0.5,3.3,1,HarrDe07,487,0.004106776180698152
339,424,Keith Kirkwood,NOR,28,WR,5,1,4,2,50.0%,18,9.0,0,1,25.0,14,4.5,0.4,3.6,0,KirkKe00,487,0.008213552361396304
340,444,Kevin White,NOR,30,WR,7,2,5,2,40.0%,74,37.0,0,2,40.0,64,14.8,0.3,10.6,0,WhitKe00,487,0.01026694045174538
341,481,Dwayne Washington,NOR,28,RB,12,0,1,1,100.0%,7,7.0,0,0,100.0,7,7.0,0.1,0.6,0,WashDw00,487,0.002053388090349076
342,38,Rhamondre Stevenson,NWE,24,RB,17,7,88,69,78.4%,421,6.1,1,13,39.8,40,4.8,4.1,24.8,4,StevRh00,518,0.16988416988416988
343,41,Jakobi Meyers,NWE,26,WR,14,13,96,67,69.8%,804,12.0,6,38,56.3,48,8.4,4.8,57.4,2,MeyeJa01,518,0.18532818532818532
344,100,Hunter Henry,NWE,28,TE,17,14,59,41,69.5%,509,12.4,2,23,50.8,39,8.6,2.4,29.9,0,HenrHu00,518,0.1138996138996139
345,123,Kendrick Bourne,NWE,27,WR,16,2,48,35,72.9%,434,12.4,1,22,54.2,41,9.0,2.2,27.1,2,BourKe00,518,0.09266409266409266
346,140,Nelson Agholor,NWE,29,WR,16,7,53,31,58.5%,362,11.7,2,12,37.7,44,6.8,1.9,22.6,2,AghoNe00,518,0.10231660231660232
347,144,DeVante Parker,NWE,29,WR,13,11,47,31,66.0%,539,17.4,3,25,59.6,43,11.5,2.4,41.5,0,ParkDe01,518,0.09073359073359073
348,165,Jonnu Smith,NWE,27,TE,14,8,38,27,71.1%,245,9.1,0,9,47.4,53,6.4,1.9,17.5,1,SmitJo01,518,0.07335907335907337
349,188,Tyquan Thornton,NWE,22,WR,13,9,45,22,48.9%,247,11.2,2,13,40.0,29,5.5,1.7,19.0,0,ThorTy00,518,0.08687258687258688
350,220,Damien Harris,NWE,25,RB,11,9,23,17,73.9%,97,5.7,0,4,43.5,15,4.2,1.5,8.8,0,HarrDa06,518,0.0444015444015444
351,327,Pierre Strong,NWE,24,RB,15,0,7,7,100.0%,42,6.0,0,3,42.9,16,6.0,0.5,2.8,0,StroPi00,518,0.013513513513513514
352,369,Marcus Jones+,NWE,24,DB,15,4,4,4,100.0%,78,19.5,1,3,75.0,48,19.5,0.3,5.2,1,JoneMa06,518,0.007722007722007722
353,394,Ty Montgomery,NWE,29,WR,1,0,4,3,75.0%,15,5.0,1,1,25.0,7,3.8,3.0,15.0,0,MontTy01,518,0.007722007722007722
354,420,Lil'Jordan Humphrey,NWE,24,WR,6,2,4,2,50.0%,20,10.0,0,0,50.0,11,5.0,0.3,3.3,0,HumpLi01,518,0.007722007722007722
355,478,J.J. Taylor,NWE,24,RB,1,0,1,1,100.0%,8,8.0,0,0,100.0,8,8.0,1.0,8.0,0,TaylJJ01,518,0.0019305019305019305
356,488,Bailey Zappe,NWE,23,QB,4,2,1,1,100.0%,-6,-6.0,0,0,0.0,-6,-6.0,0.3,-1.5,4,ZappBa00,518,0.0019305019305019305
357,39,Marquise Brown,ARI,25,WR,12,10,107,67,62.6%,709,10.6,3,33,44.9,47,6.6,5.6,59.1,1,BrowMa04,579,0.1848013816925734
358,43,DeAndre Hopkins,ARI,30,WR,9,9,96,64,66.7%,717,11.2,3,35,54.2,33,7.5,7.1,79.7,2,HopkDe00,579,0.16580310880829016
359,72,Greg Dortch,ARI,24,WR,16,4,64,52,81.3%,467,9.0,2,19,46.9,47,7.3,3.3,29.2,1,DortGr01,579,0.11053540587219343
360,84,Zach Ertz,ARI,32,TE,10,10,69,47,68.1%,406,8.6,4,24,55.1,32,5.9,4.7,40.6,0,ErtzZa00,579,0.11917098445595854
361,88,James Conner,ARI,27,RB,13,13,58,46,79.3%,300,6.5,1,13,44.8,22,5.2,3.5,23.1,3,ConnJa00,579,0.1001727115716753
362,102,Rondale Moore,ARI,22,WR,8,8,56,41,73.2%,414,10.1,1,16,46.4,38,7.4,5.1,51.8,0,MoorRo02,579,0.09671848013816926
363,151,Trey McBride,ARI,23,TE,16,13,39,29,74.4%,265,9.1,1,12,46.2,29,6.8,1.8,16.6,1,McBrTr01,579,0.06735751295336788
364,177,A.J. Green,ARI,34,WR,15,10,47,24,51.1%,236,9.8,2,11,36.2,77,5.0,1.6,15.7,0,GreeA.00,579,0.08117443868739206
365,316,Andre Baccellia,ARI,25,WR,8,0,10,7,70.0%,45,6.4,0,4,50.0,11,4.5,0.9,5.6,0,BaccAn00,579,0.017271157167530225
366,348,Corey Clement,ARI,28,RB,9,1,7,5,71.4%,54,10.8,0,3,42.9,21,7.7,0.6,6.0,0,ClemCo00,579,0.012089810017271158
367,367,Keaontay Ingram,ARI,23,RB,12,0,5,4,80.0%,21,5.3,0,1,20.0,24,4.2,0.3,1.8,0,IngrKe01,579,0.008635578583765112
368,379,Darrel Williams,ARI,27,RB,6,0,8,4,50.0%,9,2.3,0,0,12.5,6,1.1,0.7,1.5,0,WillDa10,579,0.013816925734024179
369,380,Stephen Anderson,ARI,29,TE,16,0,7,3,42.9%,9,3.0,0,0,14.3,6,1.3,0.2,0.6,0,AndeSt01,579,0.012089810017271158
370,400,Maxx Williams,ARI,28,TE,11,1,3,3,100.0%,18,6.0,0,0,100.0,7,6.0,0.3,1.6,0,WillMa04,579,0.0051813471502590676
371,411,Pharoh Cooper,ARI,27,WR,5,1,2,2,100.0%,6,3.0,0,0,0.0,3,3.0,0.4,1.2,0,CoopPh00,579,0.0034542314335060447
372,484,Ty'Son Williams,ARI,26,RB,1,0,1,1,100.0%,5,5.0,0,0,0.0,5,5.0,1.0,5.0,0,WillTy01,579,0.0017271157167530224
373,40,Jerry Jeudy,DEN,23,WR,15,14,100,67,67.0%,972,14.5,6,41,52.0,67,9.7,4.5,64.8,0,JeudJe00,484,0.2066115702479339
374,45,Courtland Sutton,DEN,27,WR,15,15,109,64,58.7%,829,13.0,2,38,46.8,51,7.6,4.3,55.3,0,SuttCo00,484,0.22520661157024793
375,132,Greg Dulcich,DEN,22,TE,10,6,55,33,60.0%,411,12.5,2,18,50.9,39,7.5,3.3,41.1,0,DulcGr00,484,0.11363636363636363
376,169,Melvin Gordon,DEN,29,RB,10,6,32,25,78.1%,223,8.9,0,11,46.9,24,7.0,2.5,22.3,5,GordMe00,484,0.06611570247933884
377,178,Kendall Hinton,DEN,25,WR,12,5,33,24,72.7%,311,13.0,0,14,54.5,35,9.4,2.0,25.9,0,HintKe00,484,0.06818181818181818
378,233,Javonte Williams,DEN,22,RB,4,4,22,16,72.7%,76,4.8,0,4,31.8,13,3.5,4.0,19.0,1,WillJa10,484,0.045454545454545456
379,240,Eric Saubert,DEN,28,TE,17,6,24,15,62.5%,148,9.9,1,6,37.5,25,6.2,0.9,8.7,0,SaubEr00,484,0.049586776859504134
380,284,Albert Okwuegbunam,DEN,24,TE,8,1,18,10,55.6%,95,9.5,1,4,44.4,25,5.3,1.3,11.9,0,OkwuAl00,484,0.0371900826446281
381,290,Mike Boone,DEN,27,RB,9,0,15,9,60.0%,96,10.7,0,2,13.3,34,6.4,1.0,10.7,0,BoonMi00,484,0.030991735537190084
382,304,Eric Tomlinson,DEN,30,TE,17,12,13,9,69.2%,79,8.8,2,5,69.2,18,6.1,0.5,4.6,0,TomlEr01,484,0.026859504132231406
383,319,KJ Hamler,DEN,23,WR,7,0,14,7,50.0%,165,23.6,0,3,35.7,55,11.8,1.0,23.6,0,HamlKJ00,484,0.028925619834710745
384,334,Brandon Johnson,DEN,24,WR,7,1,14,6,42.9%,42,7.0,1,2,21.4,12,3.0,0.9,6.0,1,JohnBr23,484,0.028925619834710745
385,343,Andrew Beck,DEN,26,FB,13,4,11,5,45.5%,69,13.8,0,2,45.5,27,6.3,0.4,5.3,0,BeckAn01,484,0.022727272727272728
386,378,Montrell Washington,DEN,23,WR,15,1,9,4,44.4%,2,0.5,0,0,0.0,4,0.2,0.3,0.1,5,WashMo00,484,0.01859504132231405
387,410,Tyrie Cleveland,DEN,25,WR,6,0,7,2,28.6%,28,14.0,0,1,28.6,16,4.0,0.3,4.7,0,ClevTy00,484,0.014462809917355372
388,440,Jalen Virgil,DEN,24,WR,9,1,5,2,40.0%,75,37.5,1,2,40.0,66,15.0,0.2,8.3,1,VirgJa00,484,0.010330578512396695
389,449,Tyler Badie,DEN,22,RB,1,0,1,1,100.0%,24,24.0,1,1,100.0,24,24.0,1.0,24.0,0,BadiTy00,484,0.002066115702479339
390,471,Devine Ozigbo,DEN,26,RB,4,0,1,1,100.0%,3,3.0,0,0,0.0,3,3.0,0.3,0.8,0,OzigDe01,484,0.002066115702479339
391,485,Russell Wilson,DEN,34,QB,15,15,1,1,100.0%,1,1.0,0,0,0.0,1,1.0,0.1,0.1,6,WilsRu00,484,0.002066115702479339
392,48,D.J. Moore,CAR,25,WR,17,17,118,63,53.4%,888,14.1,7,44,43.2,62,7.5,3.7,52.2,0,MoorD.00,357,0.33053221288515405
393,154,Terrace Marshall Jr.,CAR,22,WR,14,9,47,28,59.6%,490,17.5,1,24,53.2,43,10.4,2.0,35.0,2,MarsTe00,357,0.13165266106442577
394,164,Laviska Shenault Jr.,CAR,24,WR,13,4,32,27,84.4%,272,10.1,1,10,50.0,67,8.5,2.1,20.9,0,ShenLa00,357,0.0896358543417367
395,187,Shi Smith,CAR,24,WR,17,6,41,22,53.7%,296,13.5,2,14,41.5,38,7.2,1.3,17.4,4,SmitSh03,357,0.11484593837535013
396,194,Ian Thomas,CAR,26,TE,17,17,30,21,70.0%,197,9.4,0,8,53.3,50,6.6,1.2,11.6,0,ThomIa00,357,0.08403361344537816
397,211,Tommy Tremble,CAR,22,TE,17,4,32,19,59.4%,174,9.2,3,9,43.8,29,5.4,1.1,10.2,1,TremTo00,357,0.0896358543417367
398,244,Chuba Hubbard,CAR,23,RB,15,2,17,14,82.4%,171,12.2,0,5,47.1,45,10.1,0.9,11.4,2,HubbCh01,357,0.047619047619047616
399,278,Raheem Blackshear,CAR,23,RB,13,1,12,10,83.3%,93,9.3,0,3,50.0,27,7.8,0.8,7.2,1,BlacRa00,357,0.03361344537815126
400,313,Giovanni Ricci,CAR,26,TE,15,3,9,8,88.9%,100,12.5,0,3,55.6,32,11.1,0.5,6.7,0,RiccGi00,357,0.025210084033613446
401,349,D'Onta Foreman,CAR,26,RB,17,9,9,5,55.6%,26,5.2,0,1,22.2,23,2.9,0.3,1.5,1,ForeDO00,357,0.025210084033613446
402,407,Spencer Brown,CAR,24,RB,2,0,4,2,50.0%,10,5.0,0,0,25.0,9,2.5,1.0,5.0,0,BrowSp01,357,0.011204481792717087
403,435,Stephen Sullivan,CAR,26,TE,14,0,6,2,33.3%,46,23.0,0,2,33.3,33,7.7,0.1,3.3,0,SullSt00,357,0.01680672268907563
404,52,Allen Lazard,GNB,27,WR,15,15,100,60,60.0%,788,13.1,6,45,55.0,47,7.9,4.0,52.5,0,LazaAl00,510,0.19607843137254902
405,55,Aaron Jones,GNB,28,RB,17,17,72,59,81.9%,395,6.7,5,19,44.4,30,5.5,3.5,23.2,5,JoneAa00,510,0.1411764705882353
406,70,Robert Tonyan,GNB,28,TE,17,3,67,53,79.1%,470,8.9,2,20,53.7,24,7.0,3.1,27.6,0,TonyRo00,510,0.13137254901960785
407,93,Romeo Doubs,GNB,22,WR,13,7,67,42,62.7%,425,10.1,3,20,46.3,26,6.3,3.2,32.7,2,DoubRo00,510,0.13137254901960785
408,104,Christian Watson,GNB,23,WR,14,11,66,41,62.1%,611,14.9,7,28,50.0,63,9.3,2.9,43.6,0,WatsCh00,510,0.12941176470588237
409,128,Randall Cobb,GNB,32,WR,13,3,50,34,68.0%,417,12.3,1,19,56.0,40,8.3,2.6,32.1,1,CobbRa00,510,0.09803921568627451
410,152,AJ Dillon,GNB,24,RB,17,3,43,28,65.1%,206,7.4,0,9,39.5,17,4.8,1.6,12.1,1,DillAJ00,510,0.08431372549019608
411,253,Josiah Deguara,GNB,25,TE,17,3,15,13,86.7%,114,8.8,0,4,80.0,25,7.6,0.8,6.7,0,DeguJo00,510,0.029411764705882353
412,335,Marcedes Lewis,GNB,38,TE,17,17,7,6,85.7%,66,11.0,2,5,71.4,31,9.4,0.4,3.9,0,LewiMa00,510,0.013725490196078431
413,359,Samori Toure,GNB,24,WR,11,2,10,5,50.0%,82,16.4,1,2,30.0,37,8.2,0.5,7.5,1,TourSa00,510,0.0196078431372549
414,363,Tyler Davis,GNB,25,TE,17,1,7,4,57.1%,26,6.5,0,1,14.3,23,3.7,0.2,1.5,0,DaviTy02,510,0.013725490196078431
415,479,Patrick Taylor,GNB,24,RB,14,0,1,1,100.0%,17,17.0,0,1,100.0,17,17.0,0.1,1.2,0,TaylPa01,510,0.00196078431372549
416,487,Juwann Winfree,GNB,26,WR,3,0,4,1,25.0%,17,17.0,0,1,25.0,17,4.3,0.3,5.7,0,WinfJu00,510,0.00784313725490196
417,490,David Bakhtiari,GNB,31,T,11,11,1,0,0.0%,0,,0,0,0.0,0,0.0,0.0,0.0,0,BakhDa00,510,0.00196078431372549
418,60,Saquon Barkley*,NYG,25,RB,16,16,76,57,75.0%,338,5.9,0,10,38.2,41,4.4,3.6,21.1,1,BarkSa00,419,0.18138424821002386
419,63,Richie James,NYG,27,WR,17,4,70,57,81.4%,569,10.0,4,29,61.4,33,8.1,3.4,33.5,3,JameRi00,419,0.16706443914081145
420,91,Darius Slayton,NYG,25,WR,16,11,71,46,64.8%,724,15.7,2,30,57.7,55,10.2,2.9,45.3,2,SlayDa01,419,0.16945107398568018
421,145,Daniel Bellinger,NYG,22,TE,12,11,35,30,85.7%,268,8.9,2,14,68.6,24,7.7,2.5,22.3,1,BellDa00,419,0.08353221957040573
422,185,Wan'Dale Robinson,NYG,21,WR,6,3,31,23,74.2%,227,9.9,1,13,61.3,19,7.3,3.8,37.8,0,RobiWa01,419,0.07398568019093078
423,197,Matt Breida,NYG,27,RB,17,1,25,20,80.0%,118,5.9,0,5,36.0,16,4.7,1.2,6.9,0,BreiMa00,419,0.059665871121718374
424,257,Sterling Shepard,NYG,29,WR,3,2,24,13,54.2%,154,11.8,1,4,29.2,65,6.4,4.3,51.3,0,ShepSt00,419,0.057279236276849645
425,274,David Sills,NYG,26,WR,9,5,17,11,64.7%,106,9.6,0,7,52.9,24,6.2,1.2,11.8,0,SillDa01,419,0.0405727923627685
426,282,Tanner Hudson,NYG,28,TE,11,0,15,10,66.7%,132,13.2,0,8,60.0,27,8.8,0.9,12.0,0,HudsTa00,419,0.03579952267303103
427,298,Marcus Johnson,NYG,28,WR,14,7,22,9,40.9%,99,11.0,0,6,36.4,18,4.5,0.6,7.1,0,JohnMa07,419,0.05250596658711217
428,325,Chris Myarick,NYG,27,FB,16,8,8,7,87.5%,65,9.3,1,5,75.0,23,8.1,0.4,4.1,0,MyarCh00,419,0.01909307875894988
429,333,Kenny Golladay,NYG,29,WR,12,4,17,6,35.3%,81,13.5,1,4,35.3,25,4.8,0.5,6.8,0,GollKe00,419,0.0405727923627685
430,344,Gary Brightwell,NYG,23,RB,17,0,8,5,62.5%,39,7.8,0,4,50.0,12,4.9,0.3,2.3,0,BrigGa00,419,0.01909307875894988
431,61,Brandin Cooks,HOU,29,WR,13,13,93,57,61.3%,699,12.3,3,29,47.3,44,7.5,4.4,53.8,0,CookBr00,528,0.17613636363636365
432,81,Chris Moore,HOU,29,WR,16,7,74,48,64.9%,548,11.4,2,24,47.3,52,7.4,3.0,34.3,0,MoorCh00,528,0.14015151515151514
433,115,Jordan Akins,HOU,30,TE,15,3,54,37,68.5%,495,13.4,5,23,53.7,46,9.2,2.5,33.0,1,AkinJo00,528,0.10227272727272728
434,116,Rex Burkhead,HOU,32,RB,16,0,51,37,72.5%,204,5.5,1,8,29.4,17,4.0,2.3,12.8,0,BurkRe00,528,0.09659090909090909
435,117,Nico Collins,HOU,23,WR,10,7,66,37,56.1%,481,13.0,2,21,42.4,58,7.3,3.7,48.1,0,CollNi00,528,0.125
436,149,Dameon Pierce,HOU,22,RB,13,13,39,30,76.9%,165,5.5,1,7,43.6,16,4.2,2.3,12.7,4,PierDa01,528,0.07386363636363637
437,199,Phillip Dorsett,HOU,29,WR,15,4,40,20,50.0%,257,12.9,1,11,42.5,34,6.4,1.3,17.1,0,DorsPh00,528,0.07575757575757576
438,201,Dare Ogunbowale,HOU,28,RB,17,4,26,20,76.9%,104,5.2,0,5,34.6,23,4.0,1.2,6.1,0,OgunDa00,528,0.04924242424242424
439,245,Brevin Jordan,HOU,22,TE,11,3,28,14,50.0%,128,9.1,0,7,39.3,20,4.6,1.3,11.6,0,JordBr00,528,0.05303030303030303
440,281,O.J. Howard,HOU,28,TE,13,10,23,10,43.5%,145,14.5,2,6,34.8,26,6.3,0.8,11.2,0,HowaO.00,528,0.043560606060606064
441,326,Teagan Quitoriano,HOU,22,TE,9,6,14,7,50.0%,113,16.1,2,5,42.9,52,8.1,0.8,12.6,0,QuitTe00,528,0.026515151515151516
442,332,Royce Freeman,HOU,26,RB,4,1,8,6,75.0%,33,5.5,0,0,37.5,9,4.1,1.5,8.3,1,FreeRo00,528,0.015151515151515152
443,350,Troy Hairston,HOU,24,FB,16,5,8,5,62.5%,19,3.8,0,0,25.0,7,2.4,0.3,1.2,0,HairTr00,528,0.015151515151515152
444,433,Mason Schreck,HOU,29,TE,3,1,2,2,100.0%,6,3.0,0,0,50.0,6,3.0,0.7,2.0,0,SchrMa00,528,0.003787878787878788
445,453,Jalen Camp,HOU,24,WR,2,0,1,1,100.0%,7,7.0,0,1,100.0,7,7.0,0.5,3.5,0,CampJa03,528,0.001893939393939394
446,456,Jeff Driskel,HOU,29,QB,7,2,1,1,100.0%,4,4.0,0,0,100.0,4,4.0,0.1,0.6,0,DrisJe00,528,0.001893939393939394
447,71,Robert Woods,TEN,30,WR,17,15,91,53,58.2%,527,9.9,2,31,50.5,41,5.8,3.1,31.0,1,WoodRo02,428,0.21261682242990654
448,101,Austin Hooper,TEN,28,TE,17,2,60,41,68.3%,444,10.8,2,28,60.0,24,7.4,2.4,26.1,0,HoopAu00,428,0.14018691588785046
449,131,Treylon Burks,TEN,22,WR,11,6,54,33,61.1%,444,13.5,1,19,50.0,51,8.2,3.0,40.4,0,BurkTr00,428,0.1261682242990654
450,133,Derrick Henry*,TEN,28,RB,16,16,41,33,80.5%,398,12.1,0,11,61.0,69,9.7,2.1,24.9,6,HenrDe00,428,0.09579439252336448
451,139,Chigoziem Okonkwo,TEN,23,TE,17,8,46,32,69.6%,450,14.1,3,22,50.0,48,9.8,1.9,26.5,0,OkonCh00,428,0.10747663551401869
452,174,Nick Westbrook-Ikhine,TEN,25,WR,17,13,50,25,50.0%,397,15.9,3,18,40.0,63,7.9,1.5,23.4,0,WestNi00,428,0.11682242990654206
453,191,Dontrell Hilliard,TEN,27,RB,12,1,26,21,80.8%,177,8.4,4,8,38.5,31,6.8,1.8,14.8,0,HillDo00,428,0.06074766355140187
454,264,Geoff Swaim,TEN,29,TE,17,13,16,12,75.0%,58,4.8,1,4,37.5,13,3.6,0.7,3.4,0,SwaiGe00,428,0.037383177570093455
455,267,Hassan Haskins,TEN,23,RB,15,1,12,11,91.7%,57,5.2,0,2,25.0,10,4.8,0.7,3.8,0,HaskHa00,428,0.028037383177570093
456,310,Kyle Philips,TEN,23,WR,4,0,13,8,61.5%,78,9.8,0,3,38.5,21,6.0,2.0,19.5,2,PhilKy01,428,0.030373831775700934
457,381,Julius Chestnut,TEN,22,RB,6,0,3,3,100.0%,41,13.7,0,1,66.7,33,13.7,0.5,6.8,0,ChesJu00,428,0.007009345794392523
458,389,Cody Hollister,TEN,29,WR,11,3,5,3,60.0%,54,18.0,0,2,40.0,27,10.8,0.3,4.9,0,HollCo00,428,0.011682242990654205
459,427,Racey McMath,TEN,23,WR,5,0,8,2,25.0%,40,20.0,0,1,12.5,39,5.0,0.4,8.0,0,McMaRa00,428,0.018691588785046728
460,450,C.J. Board,TEN,29,WR,4,0,1,1,100.0%,6,6.0,0,0,100.0,6,6.0,0.3,1.5,1,BoarC.00,428,0.002336448598130841
461,467,Mason Kinsey,TEN,24,WR,2,0,1,1,100.0%,3,3.0,0,0,0.0,3,3.0,0.5,1.5,1,KinsMa00,428,0.002336448598130841
462,500,Josh Gordon,TEN,31,WR,2,0,1,0,0.0%,0,,0,0,0.0,0,0.0,0.0,0.0,0,GordJo02,428,0.002336448598130841
463,77,Cole Kmet,CHI,23,TE,17,17,69,50,72.5%,544,10.9,7,27,59.4,50,7.9,2.9,32.0,1,KmetCo00,326,0.2116564417177914
464,105,Darnell Mooney,CHI,25,WR,12,12,61,40,65.6%,493,12.3,2,20,45.9,56,8.1,3.3,41.1,0,MoonDa00,326,0.18711656441717792
465,130,David Montgomery,CHI,25,RB,16,16,40,34,85.0%,316,9.3,1,10,50.0,32,7.9,2.1,19.8,2,MontDa01,326,0.12269938650306748
466,193,Equanimeous St. Brown,CHI,26,WR,16,16,38,21,55.3%,323,15.4,1,14,44.7,56,8.5,1.3,20.2,1,St.BEq00,326,0.1165644171779141
467,209,Dante Pettis,CHI,27,WR,17,7,41,19,46.3%,245,12.9,3,9,31.7,51,6.0,1.1,14.4,1,PettDa00,326,0.12576687116564417
468,286,Byron Pringle,CHI,29,WR,11,4,16,10,62.5%,135,13.5,2,8,56.3,35,8.4,0.9,12.3,0,PrinBy00,326,0.049079754601226995
469,294,Khalil Herbert,CHI,24,RB,13,1,12,9,75.0%,57,6.3,1,2,16.7,25,4.8,0.7,4.4,0,HerbKh00,326,0.03680981595092025
470,320,N'Keal Harry,CHI,25,WR,7,0,9,7,77.8%,116,16.6,1,4,77.8,49,12.9,1.0,16.6,0,HarrNK00,326,0.027607361963190184
471,323,Velus Jones Jr.,CHI,25,WR,12,2,14,7,50.0%,107,15.3,1,4,28.6,44,7.6,0.6,8.9,3,JoneVe00,326,0.04294478527607362
472,366,Ryan Griffin,CHI,32,TE,15,0,8,4,50.0%,26,6.5,0,1,25.0,18,3.3,0.3,1.7,0,GrifRy00,326,0.024539877300613498
473,414,Trestan Ebner,CHI,23,RB,17,0,8,2,25.0%,8,4.0,0,0,25.0,6,1.0,0.1,0.5,2,EbneTr00,326,0.024539877300613498
474,442,Nsimba Webster,CHI,26,WR,2,0,3,2,66.7%,14,7.0,0,1,66.7,8,4.7,1.0,7.0,1,WebsNs00,326,0.009202453987730062
475,443,Trevon Wesco,CHI,27,TE,14,1,4,2,50.0%,26,13.0,0,1,25.0,23,6.5,0.1,1.9,0,WescTr00,326,0.012269938650306749
476,457,Darrynton Evans,CHI,24,RB,6,0,1,1,100.0%,33,33.0,0,1,100.0,33,33.0,0.2,5.5,0,EvanDa02,326,0.003067484662576687
477,491,Khari Blasingame,CHI,26,FB,16,6,1,0,0.0%,0,,0,0,0.0,0,0.0,0.0,0.0,0,BlasKh00,326,0.003067484662576687
478,505,Jake Tonges,CHI,23,TE,4,0,1,0,0.0%,0,,0,0,0.0,0,0.0,0.0,0.0,0,TongJa00,326,0.003067484662576687
